Cell,Cluster,UMAP_1,UMAP_2,Stability
AAACCTGAGGCCATAG.1.SRR6327104,2,0.632309791088105,1.8371919696331,0
AAACGGGAGGCTCAGA.1.SRR6327104,2,-0.749935272693634,-2.93842944455147,0
AAACGGGTCACATAGC.1.SRR6327104,1,-2.57624829149246,2.1899637286663,0
AAAGATGTCAGAGACG.1.SRR6327104,1,-2.08016074037552,2.49027863192558,0
AAAGCAAAGATAGGAG.1.SRR6327104,0,1.99815308713913,-2.32596549344063,0
AAAGCAACAATGAATG.1.SRR6327104,2,0.611408587932587,-2.12007102322579,0
AAAGCAAGTAATCACC.1.SRR6327104,2,0.0800965991020206,-2.06427153897286,0
AAAGCAAGTCTTGATG.1.SRR6327104,2,-0.263368729114532,-2.78100547146797,0
AAAGTAGCAGTGGGAT.1.SRR6327104,0,3.35192811155319,-1.49020251584053,0
AAAGTAGTCATCGCTC.1.SRR6327104,1,-3.2545241150856,0.232796103239059,0
AAATGCCTCTCAAACG.1.SRR6327104,1,-2.00038016176224,0.422632605314254,0
AACACGTCACTGTCGG.1.SRR6327104,0,1.56790196561813,-1.98853930783272,0
AACCATGCAAGCGCTC.1.SRR6327104,0,1.94194352293015,-2.15138682675362,0
AACCATGCAGTCGTGC.1.SRR6327104,1,0.0479081835746769,1.99760475802421,0
AACCATGCATGATCCA.1.SRR6327104,1,-0.825511578083038,-1.92824420285225,0
AACCATGGTATTCTCT.1.SRR6327104,0,2.70695626401901,-0.606939881563187,0
AACCATGGTCCATCCT.1.SRR6327104,1,-3.04139077997208,1.07423535037041,0
AACCATGGTGTGTGCC.1.SRR6327104,0,2.47967850828171,-1.41026648831368,0
AACCATGTCTGTGCAA.1.SRR6327104,2,1.31525933408737,1.48058071780205,0
AACGTTGCAGCTCCGA.1.SRR6327104,1,-1.44966757631302,0.774669081449508,0
AACGTTGGTCTGATTG.1.SRR6327104,2,1.34830891752243,-0.168806641817094,0
AACGTTGTCGCATGGC.1.SRR6327104,0,2.1254476275444,-2.97294959378243,0
AACTCAGCACACATGT.1.SRR6327104,2,1.77908551359177,0.632224470853805,0
AACTCCCGTGGTCCGT.1.SRR6327104,0,0.96403443479538,-1.27593287777901,0
AACTCTTAGCCAGTTT.1.SRR6327104,0,2.21343266630173,-1.69389972043037,0
AACTCTTGTTGACGTT.1.SRR6327104,1,-0.379749897480011,0.20423927950859,0
AACTCTTTCTGTCAAG.1.SRR6327104,2,-0.0461975369453427,-2.22510585141182,0
AACTGGTGTAAGGATT.1.SRR6327104,0,1.66223370695114,-2.63236483883858,0
AACTGGTGTCGCTTTC.1.SRR6327104,1,-0.937199238300323,-2.15423831295967,0
AACTTTCCATTTCAGG.1.SRR6327104,0,1.56347977781296,-2.11970958065987,0
AACTTTCGTAAATACG.1.SRR6327104,2,0.0371483530998233,-2.73308047604561,0
AAGACCTAGCACCGTC.1.SRR6327104,0,2.47645604276657,-3.70814666104317,0
AAGACCTCAGGATTGG.1.SRR6327104,0,2.67380368375778,-0.304219811677934,0
AAGCCGCAGCCCAGCT.1.SRR6327104,0,2.60521733427048,-1.98574027371407,0
AAGGAGCCACAGAGGT.1.SRR6327104,1,-2.73940813875198,2.07757034945488,0
AAGGAGCCACTATCTT.1.SRR6327104,1,-2.08534348344803,-0.343858330965043,0
AAGGCAGAGGCAGTCA.1.SRR6327104,1,-1.67884838914871,2.52173653292656,0
AAGGTTCCACATGTGT.1.SRR6327104,1,-1.55241358613968,1.89058056521416,0
AAGGTTCGTCGAACAG.1.SRR6327104,1,0.0190738406181339,1.51963082003593,0
AAGTCTGAGCCAGAAC.1.SRR6327104,0,2.07440507078171,-0.500885575532914,0
AATCCAGCAGCTATTG.1.SRR6327104,2,-0.511425140857696,-2.99874266934395,0
AATCCAGTCGCCTGTT.1.SRR6327104,1,-1.70688116884232,1.06925621676445,0
AATCGGTGTCTTCAAG.1.SRR6327104,2,0.803970691204071,1.19958916354179,0
ACACCAAAGGTTCCTA.1.SRR6327104,1,-2.63921463823318,0.575706869840621,0
ACACCAAGTCGCATAT.1.SRR6327104,1,-2.11362612581253,-2.69077548336983,0
ACACCCTGTAACGACG.1.SRR6327104,1,-3.02262580728531,-0.0983959133625039,0
ACACCGGTCAGCTTAG.1.SRR6327104,0,1.39652049207687,-2.13169249844551,0
ACAGCCGCAAGTTGTC.1.SRR6327104,1,-2.3219081196785,-0.384908288240434,0
ACAGCCGTCGATCCCT.1.SRR6327104,0,2.56737649106979,-2.02963790249825,0
ACAGCCGTCGTGGACC.1.SRR6327104,0,2.80413567686081,-2.30381545376778,0
ACAGCCGTCTAAGCCA.1.SRR6327104,1,-1.06293213701248,0.612974554777145,0
ACAGCCGTCTACTCAT.1.SRR6327104,0,1.44299351835251,-3.21693286252022,0
ACAGCTAAGCCCAATT.1.SRR6327104,0,3.70165097379684,-1.13903579068184,0
ACAGCTACACGTGAGA.1.SRR6327104,1,-0.189510944843292,-0.055054276704789,0
ACAGCTACATCGACGC.1.SRR6327104,1,-2.09955847597122,-0.850719063997269,0
ACAGCTACATGGTCAT.1.SRR6327104,0,2.47093045377731,-3.11224326443672,0
ACAGCTATCACTTCAT.1.SRR6327104,1,-1.23641503190994,-0.733940690279008,0
ACAGCTATCAGCTGGC.1.SRR6327104,0,-0.312976959705352,-1.83496627163887,0
ACAGCTATCCGTTGTC.1.SRR6327104,2,-0.69310725069046,-2.91204413723946,0
ACATACGAGTGTACGG.1.SRR6327104,0,3.04179036283493,0.0638536517620079,0
ACATACGCACATCCGG.1.SRR6327104,0,3.58016717100143,-1.57053050351143,0
ACATACGCATTGGGCC.1.SRR6327104,2,0.405704852581025,-0.889700501680375,0
ACATACGGTCATCCCT.1.SRR6327104,0,1.85709416532517,-1.22984465909004,0
ACATCAGCAGTTCCCT.1.SRR6327104,2,-0.294292095661163,-3.06360396695137,0
ACATGGTCAAGCCCAC.1.SRR6327104,1,-2.23629868364334,-0.906209557771684,0
ACATGGTGTGTCCTCT.1.SRR6327104,1,1.12379729413986,-0.541818230867387,0
ACATGGTTCTGAGGGA.1.SRR6327104,1,-0.622324589252472,1.62293186831474,0
ACCAGTAAGCAGCCTC.1.SRR6327104,1,-1.03408491945267,-3.170690148592,0
ACCAGTAGTTAAGGGC.1.SRR6327104,1,-1.64692128038406,1.19132176089287,0
ACCCACTGTCCGTCAG.1.SRR6327104,0,3.09995877408981,-0.241909592866898,0
ACCCACTGTTCGCGAC.1.SRR6327104,0,1.99162137174606,-3.93005523037911,0
ACCCACTTCACTCTTA.1.SRR6327104,0,1.82023751401901,-3.33741721463204,0
ACCCACTTCGGCGCTA.1.SRR6327104,2,0.471243735790253,-1.17195281338692,0
ACCGTAAAGATAGTCA.1.SRR6327104,0,0.39185368680954,-1.13462504696846,0
ACCGTAACAAAGGAAG.1.SRR6327104,1,-1.11146128511429,2.43175640749931,0
ACCGTAACAAAGGTGC.1.SRR6327104,1,-0.771577003955841,1.96801129031181,0
ACCGTAACAACGATCT.1.SRR6327104,2,0.228529807567597,-0.493973344087602,0
ACCTTTAGTCGAACAG.1.SRR6327104,1,-0.180962685108184,-0.927320092439652,0
ACCTTTAGTTCCGTCT.1.SRR6327104,0,2.79298913145065,-2.51766547513008,0
ACCTTTATCGACAGCC.1.SRR6327104,3,-4.55904925203323,13.6750704352856,0.6
ACGAGCCAGGATTCGG.1.SRR6327104,1,-1.59889662599564,-0.857966988801957,0
ACGAGCCCACCGCTAG.1.SRR6327104,2,0.577777740001679,-1.89050731015205,0
ACGAGCCCATATGAGA.1.SRR6327104,2,-1.05727398729324,-0.208674042940141,0
ACGAGCCGTAGCCTAT.1.SRR6327104,1,-1.29649651384354,0.521333128690719,0
ACGAGCCGTGCAGGTA.1.SRR6327104,1,-2.68049371576309,1.0397123401165,0
ACGAGGACATTTGCTT.1.SRR6327104,0,0.174216147899628,-2.90352687191963,0
ACGAGGAGTAGGACAC.1.SRR6327104,1,-1.93425143098831,-1.63422927212715,0
ACGAGGAGTCGCATCG.1.SRR6327104,2,1.6837619509697,-0.917091935396195,0
ACGAGGAGTTCGCGAC.1.SRR6327104,2,0.572479602336884,-0.464480965852738,0
ACGAGGATCTAACGGT.1.SRR6327104,1,-1.03380358552933,1.29629936861992,0
ACGATGTTCGCAAGCC.1.SRR6327104,1,-0.28465187883377,0.075967222929,0
ACGCAGCCATATGGTC.1.SRR6327104,0,1.475417491436,-2.66651019406319,0
ACGCAGCCATGCAACT.1.SRR6327104,2,1.20749842786789,-1.91165980648995,0
ACGCCGACAGCTCGCA.1.SRR6327104,0,3.2585738863945,-2.38006743741036,0
ACGCCGATCTCGCTTG.1.SRR6327104,1,-2.7430609498024,-0.433794587373734,0
ACGGAGAAGCGCCTCA.1.SRR6327104,0,1.0513795580864,-3.91810187649727,0
ACGGAGAAGTACGTAA.1.SRR6327104,0,2.63741242551804,-2.40974101376534,0
ACGGAGACAAGAAAGG.1.SRR6327104,1,-2.24841082429886,0.693543822050094,0
ACGGAGAGTAAAGGAG.1.SRR6327104,0,-0.343865040302276,-1.78566417050362,0
ACGGAGAGTAAATGAC.1.SRR6327104,3,-4.91825712060928,14.0758121316433,0.6
ACGGAGATCTACCTGC.1.SRR6327104,2,0.900503989696503,-1.56948909115791,0
ACGGGCTAGTTACGGG.1.SRR6327104,2,0.6056836810112,0.383485228300094,0
ACGGGCTAGTTCCACA.1.SRR6327104,3,-4.79759192800522,13.7808727328777,0.8
ACGGGCTGTCGAACAG.1.SRR6327104,1,-1.4008065495491,-1.54484233212471,0
ACGGGTCGTGGCTCCA.1.SRR6327104,2,2.34514653348923,0.285398871183395,0
ACGGGTCGTTCGTTGA.1.SRR6327104,0,2.53124940061569,-1.13916358304024,0
ACGGGTCGTTGTGGCC.1.SRR6327104,1,-1.10983097887039,-0.617650597810746,0
ACGGGTCTCACAAACC.1.SRR6327104,0,2.7839235033989,-1.32113990139961,0
ACGGGTCTCGGTCCGA.1.SRR6327104,2,1.98924195432663,-0.314138024568559,0
ACGTCAAAGCGTTTAC.1.SRR6327104,2,2.46979176664352,0.0266088550090782,0
ACGTCAAAGTTAACGA.1.SRR6327104,3,-4.19898760652542,13.6778687541485,0.7
ACGTCAAGTCTAGGTT.1.SRR6327104,1,-1.33266461229324,2.44172707247734,0
ACGTCAAGTTCAACCA.1.SRR6327104,2,1.51038109922409,-2.3610616619587,0
ACTATCTGTTTGACAC.1.SRR6327104,1,-1.59783232545853,-1.34329661679268,0
ACTGAACAGCTAGTGG.1.SRR6327104,1,-1.50786412096024,2.48291912722588,0
ACTGAACGTTGTCGCG.1.SRR6327104,2,0.814566012859345,-2.67331561398506,0
ACTGAACTCCTTGCCA.1.SRR6327104,2,1.6440833773613,-0.628253548860551,0
ACTGAACTCTGCAGTA.1.SRR6327104,2,1.70378911161423,1.04820862460136,0
ACTGCTCAGAGGGATA.1.SRR6327104,0,1.83804070615768,-2.60229930233955,0
ACTGCTCCAACGATCT.1.SRR6327104,0,1.28297412061691,-3.89485511136055,0
ACTGCTCCATCATCCC.1.SRR6327104,3,-4.86820984220505,13.2402208154201,0.7
ACTGTCCCAATAACGA.1.SRR6327104,2,1.02417599821091,-1.33784827542305,0
ACTGTCCTCTCGCATC.1.SRR6327104,3,-4.59441185331345,14.1650630538464,0.8
ACTGTCCTCTGCAAGT.1.SRR6327104,2,0.990887519359589,1.52558460879326,0
ACTTACTCAAGCGAGT.1.SRR6327104,2,1.66535222196579,-0.73191794705391,0
ACTTGTTAGTGGACGT.1.SRR6327104,0,1.71819531583786,-3.69629248929024,0
ACTTTCATCAATAAGG.1.SRR6327104,0,1.21403252744675,-4.05529746365547,0
AGAATAGCACGGACAA.1.SRR6327104,0,3.00371682310104,-1.09325656247139,0
AGAATAGGTCTAGTGT.1.SRR6327104,0,3.35710465574265,-0.930647462129594,0
AGACGTTTCCTAGTGA.1.SRR6327104,1,-1.1282726559639,0.033477217435836,0
AGAGCTTAGGAATTAC.1.SRR6327104,1,-2.71514642572403,0.416176230192184,0
AGAGCTTGTTGCTCCT.1.SRR6327104,0,0.92793070936203,-0.671790688753129,0
AGAGTGGCACATTAGC.1.SRR6327104,2,0.843111869335175,0.777240187406539,0
AGAGTGGGTCGCTTTC.1.SRR6327104,0,0.181339141368866,-0.359757989168168,0
AGAGTGGGTGCCTGGT.1.SRR6327104,1,-1.9266010556221,1.47761860537529,0
AGATCTGCAACAACCT.1.SRR6327104,0,3.41857278013229,-2.17619094204903,0
AGATCTGCACACCGAC.1.SRR6327104,2,0.490501758098603,1.83805504488945,0
AGATCTGGTCGCTTCT.1.SRR6327104,0,1.35605132246017,-1.38190516781807,0
AGATCTGTCTACTCAT.1.SRR6327104,0,2.57127034330368,-3.54809245419502,0
AGATTGCGTAATCACC.1.SRR6327104,0,2.92765366697311,-0.639310448884965,0
AGATTGCTCTAGAGTC.1.SRR6327104,1,-2.09798825120926,-1.8910270626545,0
AGATTGCTCTGGTTCC.1.SRR6327104,0,3.16546284818649,-0.287875741243363,0
AGCAGCCAGGATGCGT.1.SRR6327104,2,0.363673087596894,1.08330574679375,0
AGCAGCCCACGACTCG.1.SRR6327104,0,2.72551953458786,-2.14827403378487,0
AGCAGCCGTGTCAATC.1.SRR6327104,0,-0.0543905529975888,-2.28509387326241,0
AGCAGCCTCGGACAAG.1.SRR6327104,0,-4.8953887257576,14.1255425517559,0.3
AGCATACAGCTAGTCT.1.SRR6327104,1,-2.75845158433914,1.61920109438896,0
AGCATACGTCGAATCT.1.SRR6327104,1,-2.96134412622452,0.0562261645793907,0
AGCATACTCCTAAGTG.1.SRR6327104,1,-3.15197122430801,0.855295569181441,0
AGCATACTCTTACCGC.1.SRR6327104,3,-4.19529903268814,13.2186012570858,0.6
AGCCTAATCGTTGACA.1.SRR6327104,0,2.07351052427292,-0.112829774141312,0
AGCGGTCCAGATCCAT.1.SRR6327104,0,-0.344148281574249,-1.75744017910957,0
AGCGGTCGTATTCTCT.1.SRR6327104,0,2.0348132815361,-2.66239413571358,0
AGCGGTCTCCATTCTA.1.SRR6327104,1,-1.7946921620369,1.40454044985771,0
AGCGGTCTCGCCCTTA.1.SRR6327104,0,2.505597468853,-3.40739211392403,0
AGCGTATAGCCACCTG.1.SRR6327104,3,-4.59052157735825,14.0427892510891,0.8
AGCGTATAGGACAGAA.1.SRR6327104,0,1.15531146192551,-2.54750308346748,0
AGCGTATGTACAGACG.1.SRR6327104,1,0.076592799663544,-3.87864455533028,0
AGCGTATGTCTAGCCG.1.SRR6327104,1,-1.76246989107132,-2.43609866452217,0
AGCGTATTCCCTGACT.1.SRR6327104,2,0.673048850536347,-1.74250087094307,0
AGCGTCGCACTTAAGC.1.SRR6327104,1,-1.98955023622513,-2.64939555478096,0
AGCTCCTGTACCCAAT.1.SRR6327104,0,2.32954632902145,-3.78735217404366,0
AGCTCCTGTGAGCGAT.1.SRR6327104,1,-1.86292612886429,-0.797425835847855,0
AGCTCCTTCATTATCC.1.SRR6327104,0,1.96982895994186,-2.3477559978962,0
AGCTCTCCAGCGATCC.1.SRR6327104,0,0.612765189647675,-2.9091869289875,0
AGCTCTCGTATTAGCC.1.SRR6327104,1,-0.670433643817901,-0.521000474214555,0
AGCTCTCGTTTGACTG.1.SRR6327104,0,1.15273224973679,-1.64659652066231,0
AGCTCTCTCTTGAGAC.1.SRR6327104,1,-2.81156170701981,1.37317791628838,0
AGCTTGACACATTCGA.1.SRR6327104,1,-0.890120151996612,0.288278967618941,0
AGCTTGAGTTTAAGCC.1.SRR6327104,2,1.37221276426315,-2.19514998745918,0
AGCTTGAGTTTCCACC.1.SRR6327104,1,-2.19228041505814,-0.430431931734086,0
AGGCCACCACAACGTT.1.SRR6327104,1,-1.84173548555374,0.568649679899215,0
AGGCCACGTAAGTAGT.1.SRR6327104,0,2.58129536771774,-0.949051469087602,0
AGGCCACTCATCTGTT.1.SRR6327104,1,-0.874944809436798,-0.823316186189652,0
AGGCCGTCACTGTGTA.1.SRR6327104,1,-2.63501966333389,0.822499663114547,0
AGGGAGTCAAGTTCTG.1.SRR6327104,2,0.460179683208466,1.6471170489788,0
AGGGAGTTCTCTGAGA.1.SRR6327104,1,-0.405072334766388,-1.0717492992878,0
AGGGATGAGGGCTCTC.1.SRR6327104,0,2.7321313586235,-2.83317050290108,0
AGGGATGTCAGAGACG.1.SRR6327104,2,1.29547059202194,0.94097080874443,0
AGGGATGTCGAACGGA.1.SRR6327104,2,-0.56122362947464,-2.51045951199532,0
AGGGTGACAGACAAGC.1.SRR6327104,1,-2.38261378145218,0.387345701932906,0
AGGTCATCAAGGACAC.1.SRR6327104,1,-1.32045090532303,-1.93771895718575,0
AGGTCCGGTCAAGCGA.1.SRR6327104,0,-1.5353394780159,-1.02910384488106,0
AGTAGTCCACGAAACG.1.SRR6327104,1,-1.23448193407059,1.89515152621269,0
AGTGAGGCACAGCCCA.1.SRR6327104,1,-0.703117969989776,1.57445088076591,0
AGTGAGGCAGTATGCT.1.SRR6327104,2,0.327662822246552,-1.56005343747139,0
AGTGAGGGTCGTGGCT.1.SRR6327104,0,1.96830975675583,0.321809202909469,0
AGTGTCATCCAATGGT.1.SRR6327104,0,1.18872058057785,-2.85343322110176,0
AGTTGGTGTAACGTTC.1.SRR6327104,3,-4.64057290887833,13.6144359414577,0.7
ATAACGCAGATCGATA.1.SRR6327104,0,1.04027783536911,-2.93472537350655,0
ATAACGCAGTTCGCGC.1.SRR6327104,0,0.359813090801239,-2.42923793148995,0
ATAACGCCATGGTAGG.1.SRR6327104,1,-1.28067696428299,1.53208962130546,0
ATAACGCGTAGCTGCC.1.SRR6327104,0,2.68887841367722,-1.62815913510323,0
ATAACGCGTGAGGGAG.1.SRR6327104,0,2.5235303606987,-1.56876811337471,0
ATAAGAGCACTTCGAA.1.SRR6327104,1,-2.27857363557816,-0.254092782258988,0
ATAAGAGCAGGATTGG.1.SRR6327104,2,0.732989665508271,-1.85812148404121,0
ATAAGAGTCAGATAAG.1.SRR6327104,1,-2.09053051805496,-2.66029986691475,0
ATAAGAGTCGTATCAG.1.SRR6327104,0,3.28911149168015,-1.30522879910469,0
ATAGACCAGTTGAGAT.1.SRR6327104,1,-2.73066723680496,0.269452482938766,0
ATAGACCCATATGAGA.1.SRR6327104,1,-0.559894207477569,1.28920117068291,0
ATAGACCTCAGTTTGG.1.SRR6327104,0,2.24963605070114,-2.81733474087715,0
ATCACGACAGCCTGTG.1.SRR6327104,0,1.91286313199997,-3.24504622769356,0
ATCCACCCAATGGAAT.1.SRR6327104,0,3.41714608335495,-1.95013770413399,0
ATCCACCCACCCTATC.1.SRR6327104,1,-1.94057572221756,-0.300880044221879,0
ATCCACCCAGACACTT.1.SRR6327104,1,-1.73010742998123,-2.97229060482979,0
ATCCACCCATAAAGGT.1.SRR6327104,1,-3.06826889848709,0.355719000577926,0
ATCCACCCATCGGAAG.1.SRR6327104,0,0.593283530712128,-2.3438383038044,0
ATCCACCGTAAATGAC.1.SRR6327104,0,1.7461398806572,-0.214763253450394,0
ATCCACCTCAGTTAGC.1.SRR6327104,0,3.03390538358688,-2.5045410091877,0
ATCGAGTTCAACCATG.1.SRR6327104,0,3.44323765897751,-1.76637324643135,0
ATCTACTAGCCACCTG.1.SRR6327104,1,-2.25271284914017,0.581611067533492,0
ATCTACTAGGTGCTTT.1.SRR6327104,2,2.2636369433403,0.649622351408004,0
ATCTGCCAGGTGATTA.1.SRR6327104,0,0.340285655498505,-3.10112914395332,0
ATCTGCCTCTCCAGGG.1.SRR6327104,2,2.14206349515915,-0.131850808382035,0
ATGAGGGTCACCCTCA.1.SRR6327104,1,-2.11539662218094,1.13675156283379,0
ATGAGGGTCGGAAACG.1.SRR6327104,1,-1.4625650677681,-0.356407731294633,0
ATGCGATCATCCGGGT.1.SRR6327104,2,1.37049376630783,-0.757916062593461,0
ATGCGATGTAGCGTCC.1.SRR6327104,0,3.03571545743942,-1.07159003567696,0
ATGCGATGTGTCTGAT.1.SRR6327104,2,1.20100772047043,0.476852804899215,0
ATGGGAGTCATTATCC.1.SRR6327104,1,-0.375638607501983,1.12620869326591,0
ATGGGAGTCGCGCCAA.1.SRR6327104,0,2.45285069608688,-1.17784461331368,0
ATGGGAGTCTTAACCT.1.SRR6327104,1,-1.20121014451981,1.74254551577568,0
ATGTGTGCACTCGACG.1.SRR6327104,1,-1.48346388673782,-2.40596827816963,0
ATTACTCCAGGTCCAC.1.SRR6327104,0,3.11043679380417,-2.64073237729073,0
ATTACTCGTAAACCTC.1.SRR6327104,0,3.22375332975388,-1.21475085568428,0
ATTACTCGTCGAACAG.1.SRR6327104,0,1.37326848173142,-3.26125869107246,0
ATTACTCTCCACGAAT.1.SRR6327104,1,-0.321537140369415,0.582251936674117,0
ATTATCCCAGCCTTTC.1.SRR6327104,0,2.69186913633347,-3.25116881680489,0
ATTATCCGTGGACGAT.1.SRR6327104,1,-0.995872620105743,-1.18252047848702,0
ATTATCCTCTATCGCC.1.SRR6327104,3,-4.29262745714188,13.769828469038,0.8
ATTATCCTCTCGATGA.1.SRR6327104,3,-4.56980812883377,13.4061761205196,0.7
ATTCTACAGCGTTTAC.1.SRR6327104,1,-1.65872395372391,-2.78108748745918,0
ATTCTACTCAATAAGG.1.SRR6327104,1,-1.93249762392044,0.118241698026656,0
ATTGGACGTGTCAATC.1.SRR6327104,1,-1.95719206666946,-2.30543765377998,0
ATTGGTGCATATGCTG.1.SRR6327104,2,1.1917113032341,-0.530321686983109,0
ATTGGTGCATTGCGGC.1.SRR6327104,0,1.85149418973923,-1.54785498929024,0
ATTGGTGGTCACACGC.1.SRR6327104,1,-1.25055611467361,2.24859753298759,0
ATTTCTGAGGCTCAGA.1.SRR6327104,2,0.98098361158371,1.48607483553886,0
CAACCAAAGTACATGA.1.SRR6327104,1,-2.29074108934402,0.51335850405693,0
CAACCAATCAACTCTT.1.SRR6327104,0,-1.16556609010696,-3.31866225552559,0
CAACCTCGTCGAGTTT.1.SRR6327104,2,-0.4457660946846,-2.7171817715168,0
CAACCTCGTTAGTGGG.1.SRR6327104,1,0.0566452708244327,1.47226467776298,0
CAACTAGCACATGGGA.1.SRR6327104,1,-1.10485136842728,1.2242826526165,0
CAACTAGGTAGCGATG.1.SRR6327104,1,-1.8908516201973,1.25770130801201,0
CAAGAAAAGAAACCAT.1.SRR6327104,0,3.50564705991745,-1.31316718411446,0
CAAGAAAAGAGGTACC.1.SRR6327104,2,0.687444087505341,-1.49393901181221,0
CAAGAAAGTATTCGTG.1.SRR6327104,2,0.59631096982956,-1.33146724057198,0
CAAGATCAGTACGTTC.1.SRR6327104,2,1.88197648191452,-0.742075532197953,0
CAAGATCGTTTAGCTG.1.SRR6327104,1,-0.970876339435577,-1.37877711606026,0
CAAGATCTCCAAGTAC.1.SRR6327104,1,-2.33725512361526,1.09376660037041,0
CAAGATCTCGACCAGC.1.SRR6327104,1,-1.80300677156448,-0.132889359712602,0
CAAGGCCAGCGTGAGT.1.SRR6327104,0,0.176503535747528,0.00189533877372661,0
CAAGGCCAGTCCATAC.1.SRR6327104,0,0.893413897991181,-3.90113410305977,0
CAAGTTGCATACGCTA.1.SRR6327104,2,0.835594054698944,-2.36492499661446,0
CAAGTTGCATCTACGA.1.SRR6327104,1,-2.37726796007156,2.12298622775078,0
CACAAACGTTGTACAC.1.SRR6327104,0,3.49079453611374,-0.643519967317582,0
CACAAACTCCGAACGC.1.SRR6327104,0,2.08334672117233,-3.18122443509102,0
CACAAACTCGTAGGAG.1.SRR6327104,0,3.19266640806198,-1.44859942746162,0
CACACAAGTAATCACC.1.SRR6327104,2,0.416116115093232,1.3770975177288,0
CACACAAGTACTCGCG.1.SRR6327104,0,-0.625708225727081,-3.53514537167549,0
CACACCTGTCGCTTTC.1.SRR6327104,1,-0.897708538532257,0.64461842226982,0
CACACTCAGTGGAGAA.1.SRR6327104,1,-1.87374365663528,-0.439496606111527,0
CACACTCCAAACTGCT.1.SRR6327104,0,0.990365382671357,-4.00141677212715,0
CACACTCGTATATGAG.1.SRR6327104,1,-2.25963318681717,1.38622704195976,0
CACACTCTCAGCTTAG.1.SRR6327104,1,-2.39792788362503,1.82022038149834,0
CACAGGCAGCCGTCGT.1.SRR6327104,1,-1.05444252824783,1.47576370882988,0
CACAGGCCATAGTAAG.1.SRR6327104,2,0.91921078824997,1.31312599825859,0
CACAGTAAGACCTTTG.1.SRR6327104,0,1.90902459287643,-2.18853148770332,0
CACAGTAAGTGCAAGC.1.SRR6327104,1,-2.207537296772,1.70687714266777,0
CACAGTACACCCATTC.1.SRR6327104,2,-0.301288250446319,-3.3510518963337,0
CACAGTACATTTGCCC.1.SRR6327104,1,-2.26378167009354,2.14512673068046,0
CACAGTAGTCACTTCC.1.SRR6327104,1,-2.83918464517593,0.201594740629195,0
CACAGTATCATCGCTC.1.SRR6327104,2,2.08587681913376,0.575079352140426,0
CACAGTATCCTAGGGC.1.SRR6327104,0,1.2395366396904,-3.44040259671211,0
CACAGTATCGCCTGAG.1.SRR6327104,2,0.418648597240448,-2.28636035275459,0
CACATAGAGATATGGT.1.SRR6327104,0,2.07263409757614,-0.490006058931352,0
CACATAGCAGAGTGTG.1.SRR6327104,2,1.20814931058884,-0.0672250683307656,0
CACATAGGTGGGTATG.1.SRR6327104,1,-2.05867731904983,1.30498448061943,0
CACATAGTCCTTTACA.1.SRR6327104,2,1.10955607557297,-2.06788596463204,0
CACATTTAGTCATGCT.1.SRR6327104,0,1.56634175443649,-2.84956321072579,0
CACATTTTCTGGAGCC.1.SRR6327104,1,-0.486957195758819,-2.06849726986885,0
CACCACTAGCCCGAAA.1.SRR6327104,2,1.94581734800339,0.775170714139938,0
CACCACTAGTACGTTC.1.SRR6327104,0,1.80885827207565,-1.33079013180733,0
CACCACTCACTCAGGC.1.SRR6327104,0,0.609167930126191,-1.00004824948311,0
CACCACTGTAGAAAGG.1.SRR6327104,1,-1.1899763379097,-0.134927361726762,0
CACCACTTCAGCTGGC.1.SRR6327104,0,2.57232033872604,-2.92277583432198,0
CACCACTTCTTAGCCC.1.SRR6327104,1,-1.33945811128616,2.55187073397636,0
CACCAGGAGATCGGGT.1.SRR6327104,2,1.55171334409714,-0.53310260128975,0
CACCAGGTCAACCATG.1.SRR6327104,2,2.08063828611374,0.770391852140426,0
CACCTTGAGAAGAAGC.1.SRR6327104,0,2.03881680631638,-2.08602389645577,0
CACCTTGAGTCCCACG.1.SRR6327104,2,1.08930718564987,-1.204062073946,0
CACCTTGGTAGCGTGA.1.SRR6327104,1,-2.18159067964554,1.70345917391777,0
CACCTTGGTTAAGACA.1.SRR6327104,0,1.18990695142746,-2.42035254788399,0
CACCTTGTCAAAGTAG.1.SRR6327104,0,1.9173349108696,-2.38854655575752,0
CACCTTGTCCTATGTT.1.SRR6327104,1,-2.00241721010208,1.70179596590996,0
CACTCCACAACGATGG.1.SRR6327104,0,2.13821065092087,-2.82759246182442,0
CACTCCACATGTAAGA.1.SRR6327104,1,-0.844696167469024,0.185698897123336,0
CACTCCAGTACCATCA.1.SRR6327104,0,0.277032252788544,-3.79273089718819,0
CACTCCAGTCTCCCTA.1.SRR6327104,1,-0.954221371173858,0.677779585599898,0
CACTCCATCGTTTATC.1.SRR6327104,3,-4.77353179788589,13.6371527020931,0.8
CAGAATCAGCGTTTAC.1.SRR6327104,2,-0.30705464220047,-0.816811173677445,0
CAGAATCAGCTGCGAA.1.SRR6327104,2,0.955622550487519,-1.76614054989815,0
CAGAATCGTAAAGTCA.1.SRR6327104,1,-0.639874580860138,-1.46121272397041,0
CAGAGAGGTGCAGTAG.1.SRR6327104,0,1.6756185259819,-2.40309581112862,0
CAGAGAGTCGCATGGC.1.SRR6327104,0,1.52419793272018,-3.95899352383614,0
CAGAGAGTCTTTAGTC.1.SRR6327104,1,-2.62672555780411,1.85912933993339,0
CAGATCAAGGACGAAA.1.SRR6327104,1,-0.0827947888374325,0.277827650785445,0
CAGATCACACGCATCG.1.SRR6327104,0,2.34049641752243,-2.74635562252998,0
CAGATCACAGATCTGT.1.SRR6327104,0,1.9485849108696,-3.96782264065743,0
CAGATCAGTCTCTTTA.1.SRR6327104,0,3.18547379636765,-1.15420302700996,0
CAGATCATCGCGATCG.1.SRR6327104,2,1.60433041715622,-1.12220630002022,0
CAGCAGCAGACGCTTT.1.SRR6327104,0,1.81559884214401,-3.17994841885567,0
CAGCAGCTCCCTTGCA.1.SRR6327104,1,-0.0872341427803036,1.95646992373466,0
CAGCAGCTCTGCGGCA.1.SRR6327104,1,-3.0724443230629,0.22104778933525,0
CAGCATAGTCGGCATC.1.SRR6327104,2,1.26235758924484,-0.890593140840531,0
CAGCATAGTGCAGTAG.1.SRR6327104,0,0.330541011333466,0.307357222318648,0
CAGCATATCAGCTGGC.1.SRR6327104,1,-2.40384400224686,-1.54529914212227,0
CAGCCGAAGGCGCTCT.1.SRR6327104,1,-1.08135044908524,-1.09394797635079,0
CAGCCGAAGTCATGCT.1.SRR6327104,1,-1.82399714326858,1.9460901324749,0
CAGCCGATCACCTTAT.1.SRR6327104,0,-0.283850315570831,1.40659371066093,0
CAGCGACAGCTTCGCG.1.SRR6327104,2,1.25066077375412,1.0152982776165,0
CAGCGACCAATGGATA.1.SRR6327104,0,1.61143529081345,-1.81285247159004,0
CAGCGACCACATGTGT.1.SRR6327104,2,0.65517794752121,-0.808431237459184,0
CAGCGACTCGCAGGCT.1.SRR6327104,1,-1.04874575471878,-0.390096276521684,0
CAGCTAAAGCCCAATT.1.SRR6327104,0,3.13691937589645,-1.59220942807198,0
CAGCTAACACTTGGAT.1.SRR6327104,1,3.40173279905319,-0.425284951448441,0
CAGCTAATCAACACGT.1.SRR6327104,0,1.21030175352097,-2.95876559567452,0
CAGCTGGAGATAGCAT.1.SRR6327104,1,-2.54928982591629,0.943500906705856,0
CAGCTGGCATATACGC.1.SRR6327104,3,-4.65739631986618,13.9601837699413,0.7
CAGCTGGGTCACTGGC.1.SRR6327104,2,-0.846468094348907,-3.00361880612373,0
CAGCTGGTCTAACTGG.1.SRR6327104,0,2.35086953306198,-0.708861916780473,0
CAGCTGGTCTACTCAT.1.SRR6327104,0,1.16943967008591,-3.49475821805,0
CAGGTGCAGCTGCGAA.1.SRR6327104,1,-2.1831928524971,0.241816908597945,0
CAGGTGCAGGGATGGG.1.SRR6327104,0,2.91331994199753,-1.95389041256905,0
CAGGTGCGTCGAATCT.1.SRR6327104,2,0.859497424602509,-0.0966058666706093,0
CAGGTGCTCGGCGCTA.1.SRR6327104,1,-1.0402017865181,1.81807842898369,0
CAGTAACCAAGGACAC.1.SRR6327104,1,-1.53215277528763,0.181489378690719,0
CAGTAACCAGCGTTCG.1.SRR6327104,0,0.125541087627411,-0.242799371004105,0
CAGTAACGTGGTAACG.1.SRR6327104,2,0.661736842632294,-1.01986655545235,0
CAGTCCTAGAGGTTAT.1.SRR6327104,1,-2.35385048723221,2.02655354189873,0
CAGTCCTAGCGTAATA.1.SRR6327104,2,1.48603188657761,0.935457617521285,0
CAGTCCTGTACAGCAG.1.SRR6327104,1,-2.18032420015335,-1.57331141781807,0
CAGTCCTGTCCTCTTG.1.SRR6327104,2,1.02919089460373,0.57665196108818,0
CAGTCCTGTTGCGTTA.1.SRR6327104,1,-1.18291485643387,1.00260105776787,0
CATATGGCACATTAGC.1.SRR6327104,3,-4.55634248590469,13.977610260725,0.9
CATATTCGTCTAACGT.1.SRR6327104,0,-0.123694065570831,-3.29103526425362,0
CATATTCGTTACAGAA.1.SRR6327104,1,-2.29649603700638,2.03495350527763,0
CATCAAGCACCTCGTT.1.SRR6327104,3,-4.44365942811966,13.4381159846783,0.9
CATCAAGTCTGTACGA.1.SRR6327104,1,-2.51493847703934,0.421433836698531,0
CATCAGACATGGTTGT.1.SRR6327104,2,2.31170975828171,0.665690809965133,0
CATCAGACATTAGCCA.1.SRR6327104,1,-2.26510346269608,1.1794246737957,0
CATCCACAGATATGCA.1.SRR6327104,2,2.66874348783493,0.310497671842574,0
CATCGAAAGGACAGAA.1.SRR6327104,1,-1.55164158678055,1.12749138522148,0
CATCGGGGTTGATTGC.1.SRR6327104,1,-1.16337597703934,-1.48893412899971,0
CATGACACAACACCCG.1.SRR6327104,3,-4.68044400548935,13.5349173848629,0.9
CATGACATCAGTGTTG.1.SRR6327104,0,2.93580662870407,-1.9649845058918,0
CATGCCTAGGACCACA.1.SRR6327104,0,0.928638812541962,-3.49309596371651,0
CATGCCTAGTAGCCGA.1.SRR6327104,3,-4.04593503808975,13.3764360253811,0.8
CATGCCTGTCACTTCC.1.SRR6327104,1,-1.77825510835648,-2.54101428341866,0
CATGCCTTCAGGCCCA.1.SRR6327104,2,0.623901244640351,-1.63525828671455,0
CATGCCTTCCGGGTGT.1.SRR6327104,0,2.94186055326462,-0.255929558992387,0
CATGCCTTCTCCTATA.1.SRR6327104,1,-1.18024981355667,-1.75347575497627,0
CATGGCGAGCGTGAAC.1.SRR6327104,1,-1.20706189012527,-1.2038703854084,0
CATTATCAGCGATGAC.1.SRR6327104,3,-4.88112187719345,13.2349587981701,0.9
CATTATCCAGGTGGAT.1.SRR6327104,0,3.16342961454392,-2.32325419735909,0
CATTATCGTATGCTTG.1.SRR6327104,3,-4.34595167970657,13.5808929507732,0.9
CATTCGCAGCTCTCGG.1.SRR6327104,0,0.1941264834404,-0.551532357454301,0
CATTCGCGTAAGGATT.1.SRR6327104,0,0.0407465662956241,-3.04116687130928,0
CATTCGCGTTAAGAAC.1.SRR6327104,0,2.81489789152145,-2.74489459347725,0
CATTCGCTCCAACCAA.1.SRR6327104,0,2.53940140867233,-2.31933841061592,0
CCAATCCGTTCCTCCA.1.SRR6327104,1,-3.0709999833107,-0.104969590425492,0
CCAATCCTCATAGCAC.1.SRR6327104,0,2.81390511655808,-1.53635272336006,0
CCACCTAAGCCCAATT.1.SRR6327104,1,-1.68087494707108,1.84034958529472,0
CCACCTACAGTTCCCT.1.SRR6327104,1,-2.82820189332962,0.336987883329391,0
CCACGGATCTCCGGTT.1.SRR6327104,0,1.35009228849411,-2.62534674954414,0
CCACGGATCTCTAAGG.1.SRR6327104,1,0.924302455425263,1.71797409701347,0
CCACTACGTGCGAAAC.1.SRR6327104,0,3.16564309263229,-2.09570559811592,0
CCAGCGAAGCGCCTTG.1.SRR6327104,1,-3.13239181375504,0.56006088900566,0
CCAGCGATCGTATCAG.1.SRR6327104,2,-0.268980148792267,-2.36311873745918,0
CCATGTCAGGGTCTCC.1.SRR6327104,1,-1.46943581438065,0.448408514738082,0
CCATGTCCACATGACT.1.SRR6327104,3,-4.23204338884354,13.5620472733974,0.9
CCATGTCGTATAGTAG.1.SRR6327104,3,-4.1160804066658,13.4941646163464,0.9
CCATGTCTCGCCAAAT.1.SRR6327104,1,-0.236240032672882,1.10752049136162,0
CCATTCGGTGACCAAG.1.SRR6327104,0,3.66892659330368,-1.4217077190876,0
CCCAATCAGCAGCCTC.1.SRR6327104,2,2.60672127866745,-0.135278313875199,0
CCCAATCAGCGCCTTG.1.SRR6327104,0,1.95234143400192,-1.28593596768379,0
CCCAGTTAGCGTAATA.1.SRR6327104,1,-1.57632172441483,1.95988121676445,0
CCCAGTTCACAAGTAA.1.SRR6327104,0,2.32606255674362,-2.22703418087959,0
CCCAGTTTCAATCTCT.1.SRR6327104,2,0.465319034099579,-1.78679427456856,0
CCCAGTTTCACTGGGC.1.SRR6327104,1,-1.0110908780098,-0.219072907686234,0
CCCATACCAATCAGAA.1.SRR6327104,1,-1.70637619829178,0.414920241117477,0
CCCATACCATCCCATC.1.SRR6327104,2,0.054490920543671,-1.09637221646309,0
CCCATACGTCCAGTAT.1.SRR6327104,0,0.475748416423798,-3.37437400174141,0
CCCATACTCATTTGGG.1.SRR6327104,0,1.34035670423508,-3.17556533169746,0
CCCTCCTGTCTCCATC.1.SRR6327104,2,0.153836127758026,-0.895472138643266,0
CCCTCCTGTTTGTTGG.1.SRR6327104,1,-0.491704109668731,-0.191293328523637,0
CCCTCCTTCAGTCAGT.1.SRR6327104,0,0.214575168132782,-3.03807505917549,0
CCGGGATGTAAATACG.1.SRR6327104,0,1.05903613233566,-3.57827624630928,0
CCGGGATGTAGCGTCC.1.SRR6327104,1,-1.87351429796219,0.822069555997848,0
CCGGGATTCGCTTGTC.1.SRR6327104,3,-4.40978324747086,13.9003818337917,0.9
CCGGTAGCACACCGCA.1.SRR6327104,0,1.87566506528854,-2.79614409756661,0
CCGGTAGCAGACGCCT.1.SRR6327104,1,-0.68609869813919,1.6854118411541,0
CCGGTAGGTAGCTAAA.1.SRR6327104,0,0.569625731945038,-3.11210212063789,0
CCGGTAGTCAAGATCC.1.SRR6327104,1,0.348009940624237,1.74384251284599,0
CCGTACTTCTTCCTTC.1.SRR6327104,3,-4.36973250246048,13.7462642495632,0.7
CCGTGGACAAAGGTGC.1.SRR6327104,0,2.29457509183884,-2.52717170071602,0
CCGTGGACAAGTAATG.1.SRR6327104,1,-2.73784411287308,-0.659094422578812,0
CCGTGGACACATGGGA.1.SRR6327104,1,-2.94254052972794,0.364790350675582,0
CCGTGGAGTTGACGTT.1.SRR6327104,3,-4.3513623509407,13.7004005019665,0.9
CCGTGGATCGCATGAT.1.SRR6327104,1,0.474217769145966,0.543151289701461,0
CCGTTCAGTAGTACCT.1.SRR6327104,2,2.04611718320847,0.185667425870895,0
CCGTTCATCTAACCGA.1.SRR6327104,0,1.00024830961227,-2.45484599423409,0
CCTAAAGCAATAGCAA.1.SRR6327104,1,-0.601176861286163,1.37587586092949,0
CCTAAAGGTAGCTAAA.1.SRR6327104,3,-4.85095095968246,13.3834125106335,0.8
CCTAAAGGTCAGATAA.1.SRR6327104,2,1.51416718626022,-0.300295441865922,0
CCTAAAGGTCTAGCCG.1.SRR6327104,3,-4.29919445848465,13.9352906053066,0.9
CCTAAAGGTGACTCAT.1.SRR6327104,1,-2.02237665987015,2.53744831728935,0
CCTACACGTAGCCTCG.1.SRR6327104,1,-1.49932062959671,-2.98139056515694,0
CCTACACGTATATCCG.1.SRR6327104,2,-0.608446720600128,-2.57552298855782,0
CCTACCACACCATCCT.1.SRR6327104,2,1.53167092466354,0.0651220386028282,0
CCTAGCTAGAGGACGG.1.SRR6327104,1,-2.39215815401077,0.0521864001750938,0
CCTAGCTTCCGAAGAG.1.SRR6327104,0,2.80401265287399,-0.597520440340043,0
CCTATTAAGTCCCACG.1.SRR6327104,1,-1.5002881321907,-2.58124980282784,0
CCTATTAGTGACTCAT.1.SRR6327104,0,-0.311179283618927,-1.86502131772041,0
CCTATTATCCTATGTT.1.SRR6327104,0,1.76701199674606,-1.0730749065876,0
CCTATTATCTCAAGTG.1.SRR6327104,2,2.62824284696579,0.162402540922164,0
CCTCAGTAGTTCGATC.1.SRR6327104,0,2.86079251432419,-1.06678828549385,0
CCTCAGTCAGTTCATG.1.SRR6327104,0,0.822641250133515,-3.58782347989082,0
CCTCAGTCATTATCTC.1.SRR6327104,2,0.773837920665741,-1.12126597714424,0
CCTCAGTTCCAAGCCG.1.SRR6327104,0,2.40236985349655,-2.20371112179756,0
CCTCAGTTCCGTTGCT.1.SRR6327104,2,0.323034640789032,-2.69684657406807,0
CCTCAGTTCCTATGTT.1.SRR6327104,0,2.18750035429001,-0.256324380159379,0
CCTCAGTTCTGCTGCT.1.SRR6327104,2,0.653897639751435,-0.466331094026566,0
CCTCTGAAGCTGAAAT.1.SRR6327104,1,-2.24249375200272,2.50966110873222,0
CCTCTGACACGGTAGA.1.SRR6327104,0,0.0713709559440616,-3.76403292965889,0
CCTCTGAGTACTCGCG.1.SRR6327104,0,1.42256962919235,-2.09674796414375,0
CCTCTGAGTCGCTTTC.1.SRR6327104,2,1.3335775103569,0.334368139982223,0
CCTCTGATCAAGCCTA.1.SRR6327104,2,0.853181716442108,-0.396339028596879,0
CCTCTGATCAGTTTGG.1.SRR6327104,2,-0.851797703266143,-2.79527339291573,0
CCTCTGATCTCTGTCG.1.SRR6327104,0,2.3935950961113,-2.74459037137032,0
CCTCTGATCTTTAGTC.1.SRR6327104,1,-1.19744408464432,2.3018669192791,0
CCTTACGTCAGCTCTC.1.SRR6327104,1,-1.31002867555618,0.163278967618941,0
CCTTCCCCAAGTTGTC.1.SRR6327104,3,-4.21079433298111,13.394763023138,0.9
CCTTCCCTCTCATTCA.1.SRR6327104,2,-0.316818836688995,-2.20555075955391,0
CCTTCCCTCTGCCAGG.1.SRR6327104,0,0.175434943675995,-3.11395224881172,0
CCTTCGAAGCGATTCT.1.SRR6327104,1,-3.15975129938126,0.785460860013961,0
CCTTCGACATCCTTGC.1.SRR6327104,2,2.60954892301559,-0.425580590486527,0
CCTTCGAGTTACGGAG.1.SRR6327104,2,0.585961696147919,1.23573437380791,0
CCTTCGATCACCTTAT.1.SRR6327104,2,1.32779299879074,0.183983237028121,0
CCTTTCTCATATGGTC.1.SRR6327104,0,-1.65888893938065,-0.956109612703324,0
CCTTTCTCATTGGTAC.1.SRR6327104,2,0.477764483928681,-1.48087558102608,0
CCTTTCTTCTCAACTT.1.SRR6327104,1,-2.43004381990433,2.32139053988457,0
CCTTTCTTCTGCTGCT.1.SRR6327104,2,1.16132628583908,-1.25946769070625,0
CGAACATGTCAGATAA.1.SRR6327104,2,1.50071561002731,-1.34785231900215,0
CGAACATTCTTGTATC.1.SRR6327104,0,1.52133977079392,-3.55328330349922,0
CGAATGTTCGAATGCT.1.SRR6327104,2,1.6959108080864,-1.55619868588448,0
CGACCTTCAATGGATA.1.SRR6327104,1,-1.4139810833931,0.492012411832809,0
CGACTTCAGACCCACC.1.SRR6327104,0,0.557642814159394,-0.667090981721879,0
CGACTTCAGGACACCA.1.SRR6327104,0,2.86959015989304,-1.72702464413643,0
CGACTTCGTCACACGC.1.SRR6327104,3,-5.04084039068222,12.9949808423519,0.8
CGACTTCTCCCACTTG.1.SRR6327104,1,-2.2626777920723,0.692804724454879,0
CGAGAAGAGAATAGGG.1.SRR6327104,0,2.04367386960983,-1.37211283993721,0
CGAGAAGCACCGCTAG.1.SRR6327104,1,-1.83545172548294,2.06886330294609,0
CGAGAAGCACGGACAA.1.SRR6327104,1,-2.62697851991653,-0.196526139497758,0
CGAGAAGTCACCTCGT.1.SRR6327104,1,2.41043030881882,-0.78311595273018,0
CGAGCACAGCTGCGAA.1.SRR6327104,0,0.657790061473847,-0.212488740205766,0
CGAGCACCAAGGTGTG.1.SRR6327104,0,3.20952260160446,-2.33649024319649,0
CGAGCACGTATTCTCT.1.SRR6327104,0,0.283765193462372,-3.50756892514229,0
CGAGCCAAGTGTGAAT.1.SRR6327104,0,1.99550568723679,-3.3839994366169,0
CGAGCCACATCCAACA.1.SRR6327104,2,0.139619704723358,-1.37593516659737,0
CGAGCCAGTCCTCCAT.1.SRR6327104,0,1.06027114057541,-2.94938525509834,0
CGATCGGAGTAGGCCA.1.SRR6327104,1,-1.73083174562454,2.38609638857841,0
CGATCGGAGTCCCACG.1.SRR6327104,1,-1.24628413057327,-2.85748824429512,0
CGATCGGGTTATGTGC.1.SRR6327104,2,0.205894824504853,-1.75301513028145,0
CGATGGCAGAAGCCCA.1.SRR6327104,1,-0.757554176807403,-1.87132891964912,0
CGATGGCAGCTTATCG.1.SRR6327104,2,-0.514761570453643,-2.47820052456856,0
CGATGGCAGGACTGGT.1.SRR6327104,0,2.46322667264938,-3.79740676236153,0
CGATGGCCAATGTTGC.1.SRR6327104,0,0.128525611400605,-3.34239444088936,0
CGATGGCCAGTACACT.1.SRR6327104,0,1.0367287364006,-3.71911868405342,0
CGATGGCGTCGAACAG.1.SRR6327104,1,-1.12704861497879,0.0139755313396446,0
CGATGGCGTGCGCTTG.1.SRR6327104,2,0.371477958202362,-0.657424538850785,0
CGATGTAAGTGTACTC.1.SRR6327104,0,1.43114316129684,-3.26246318173409,0
CGATGTACACGTCTCT.1.SRR6327104,0,1.56130063199997,-1.50009593319893,0
CGATTGAAGTACGTTC.1.SRR6327104,3,-4.27011096811295,13.9807991092205,0.9
CGATTGAGTCAAGCGA.1.SRR6327104,3,-4.88797593450546,13.9053789680004,0.8
CGATTGAGTTTCCACC.1.SRR6327104,0,2.23252331876755,-1.51320132565498,0
CGATTGATCCGAACGC.1.SRR6327104,0,1.82673394346237,-2.12985858273506,0
CGCGGTAAGCGTCTAT.1.SRR6327104,0,3.40811097288132,-0.773758500337602,0
CGCGGTATCTCCAGGG.1.SRR6327104,2,2.33798157835007,-0.554197877168656,0
CGCGTTTCAGGATCGA.1.SRR6327104,1,-1.87817156648636,-1.95959243130684,0
CGCGTTTTCCTGTAGA.1.SRR6327104,0,0.285977717876435,-3.37081107449532,0
CGCTATCTCTGAGTGT.1.SRR6327104,0,2.74943959379196,-1.09079608273506,0
CGCTGGAAGTGGGATC.1.SRR6327104,2,2.42469727659225,0.675516516447066,0
CGCTGGACAAACCTAC.1.SRR6327104,1,-2.14833748674393,-0.290728181123734,0
CGCTGGACAAGTAGTA.1.SRR6327104,1,-1.1090699467659,1.95265522646904,0
CGGACACAGATAGTCA.1.SRR6327104,0,1.9223922457695,-1.65840586972237,0
CGGACACGTGGCAAAC.1.SRR6327104,0,0.879442569255829,-2.94744452786446,0
CGGACACGTTAAGACA.1.SRR6327104,1,-0.523998859882354,-1.25051936459541,0
CGGACACTCAACGCTA.1.SRR6327104,0,0.583885547161103,-2.03806933712959,0
CGGACACTCGATCCCT.1.SRR6327104,1,0.117834922313691,-3.88223609280586,0
